{
    "./test_images/test_images_1": {
        "average saturation": 70.83403901883534,
        "average PSNR score": 7.289147809740328,
        "average SSIM score": 0.19229470042863483,
        "average variance score": 0.9251300239103534,
        "average aesthetic predictor score": 5.547628402709961,
        "average skytnt anime aesthetic score": 0.36774230301380156,
        "average nsfw score": 0.0632169061806053,
        "weighted_final_score": 12.17417130925986
    },
    "./test_images/test_images_2": {
        "average saturation": 73.14979101110387,
        "average PSNR score": 7.5285347139762955,
        "average SSIM score": 0.12093097034392095,
        "average variance score": 0.9327369938113375,
        "average aesthetic predictor score": 6.42633056640625,
        "average skytnt anime aesthetic score": 0.4780025467276573,
        "average nsfw score": 0.005414966342505068,
        "weighted_final_score": 12.663105966958833
    }
}